<?xml version="1.0" encoding="utf-8"?><!-- Copyright (c) Microsoft Corporation.  All rights reserved. --><GroupPolicyBackupScheme bkp:version="2.0" bkp:type="GroupPolicyBackupTemplate" xmlns:bkp="http://www.microsoft.com/GroupPolicy/GPOOperations" xmlns="http://www.microsoft.com/GroupPolicy/GPOOperations">
    <GroupPolicyObject><SecurityGroups><Group><Sid/><SamAccountName><![CDATA[Remote Desktop Users]]></SamAccountName><Type><![CDATA[Unknown]]></Type><NetBIOSDomainName/><DnsDomainName/><UPN/></Group><Group><Sid/><SamAccountName><![CDATA[Direct Access Users]]></SamAccountName><Type><![CDATA[Unknown]]></Type><NetBIOSDomainName/><DnsDomainName/><UPN/></Group><Group bkp:Source="FromDACL"><Sid><![CDATA[S-1-5-21-4165083680-241247769-1967822536-512]]></Sid><SamAccountName><![CDATA[Domain Admins]]></SamAccountName><Type><![CDATA[GlobalGroup]]></Type><NetBIOSDomainName><![CDATA[GETVPRO]]></NetBIOSDomainName><DnsDomainName><![CDATA[AD.GETVPRO.COM]]></DnsDomainName><UPN><![CDATA[Domain Admins@AD.GETVPRO.COM]]></UPN></Group><Group bkp:Source="FromDACL"><Sid><![CDATA[S-1-5-21-4165083680-241247769-1967822536-519]]></Sid><SamAccountName><![CDATA[Enterprise Admins]]></SamAccountName><Type><![CDATA[UniversalGroup]]></Type><NetBIOSDomainName><![CDATA[GETVPRO]]></NetBIOSDomainName><DnsDomainName><![CDATA[AD.GETVPRO.COM]]></DnsDomainName><UPN><![CDATA[Enterprise Admins@AD.GETVPRO.COM]]></UPN></Group></SecurityGroups><FilePaths/><GroupPolicyCoreSettings><ID><![CDATA[{BE3F8E8D-F497-4AD6-8940-C9C3A23B0C99}]]></ID><Domain><![CDATA[AD.GETVPRO.COM]]></Domain><SecurityDescriptor>01 00 04 9c 00 00 00 00 00 00 00 00 00 00 00 00 14 00 00 00 04 00 ec 00 08 00 00 00 05 02 28 00 00 01 00 00 01 00 00 00 8f fd ac ed b3 ff d1 11 b4 1d 00 a0 c9 68 f9 39 01 01 00 00 00 00 00 05 0b 00 00 00 00 00 24 00 ff 00 0f 00 01 05 00 00 00 00 00 05 15 00 00 00 20 22 42 f8 19 26 61 0e c8 96 4a 75 00 02 00 00 00 02 24 00 ff 00 0f 00 01 05 00 00 00 00 00 05 15 00 00 00 20 22 42 f8 19 26 61 0e c8 96 4a 75 00 02 00 00 00 02 24 00 ff 00 0f 00 01 05 00 00 00 00 00 05 15 00 00 00 20 22 42 f8 19 26 61 0e c8 96 4a 75 07 02 00 00 00 02 14 00 94 00 02 00 01 01 00 00 00 00 00 05 09 00 00 00 00 02 14 00 94 00 02 00 01 01 00 00 00 00 00 05 0b 00 00 00 00 02 14 00 ff 00 0f 00 01 01 00 00 00 00 00 05 12 00 00 00 00 0a 14 00 ff 00 0f 00 01 01 00 00 00 00 00 03 00 00 00 00</SecurityDescriptor><DisplayName><![CDATA[VDI-Troubleshooting]]></DisplayName><Options><![CDATA[0]]></Options><UserVersionNumber><![CDATA[65537]]></UserVersionNumber><MachineVersionNumber><![CDATA[3604535]]></MachineVersionNumber><MachineExtensionGuids><![CDATA[[{00000000-0000-0000-0000-000000000000}{CC5746A9-9B74-4BE5-AE2E-64379C86E0E4}][{0D0C7034-2EBD-4A87-A9B9-9015E3F2E6E0}{015F9736-7663-4CA9-B32D-7DDDA0F0E2FB}][{35378EAC-683F-11D2-A89A-00C04FBBCFA2}{B05566AC-FE9C-4368-BE01-7A4CBB6CBA11}{D02B1F72-3407-48AE-BA88-E8213C6761F1}][{827D319E-6EAC-11D2-A4EA-00C04F79F83A}{803E14A0-B4FB-11D0-A0D0-00A0C90F574B}][{91FBB303-0CD5-4055-BF42-E512A681B325}{CC5746A9-9B74-4BE5-AE2E-64379C86E0E4}][{F3CCC681-B74C-4060-9F26-CD84525DCA2A}{0F3F3735-573D-9804-99E4-AB2A69BA5FD4}]]]></MachineExtensionGuids><UserExtensionGuids><![CDATA[[{0D0C7034-2EBD-4A87-A9B9-9015E3F2E6E0}{015F9736-7663-4CA9-B32D-7DDDA0F0E2FB}]]]></UserExtensionGuids><WMIFilter/></GroupPolicyCoreSettings> 
        <GroupPolicyExtension bkp:ID="{35378EAC-683F-11D2-A89A-00C04FBBCFA2}" bkp:DescName="Registry">
            <FSObjectFile bkp:Path="%GPO_MACH_FSPATH%\registry.pol" bkp:SourceExpandedPath="\\AD1V.AD.GETVPRO.COM\sysvol\AD.GETVPRO.COM\Policies\{BE3F8E8D-F497-4AD6-8940-C9C3A23B0C99}\Machine\registry.pol" bkp:Location="DomainSysvol\GPO\Machine\registry.pol"/>
            
            <FSObjectFile bkp:Path="%GPO_FSPATH%\Adm\*.*" bkp:SourceExpandedPath="\\AD1V.AD.GETVPRO.COM\sysvol\AD.GETVPRO.COM\Policies\{BE3F8E8D-F497-4AD6-8940-C9C3A23B0C99}\Adm\*.*"/>
        </GroupPolicyExtension>
        
        
        
        
        <GroupPolicyExtension bkp:ID="{827D319E-6EAC-11D2-A4EA-00C04F79F83A}" bkp:DescName="Security">
            <FSObjectFile bkp:Path="%GPO_MACH_FSPATH%\microsoft\windows nt\SecEdit\GptTmpl.inf" bkp:SourceExpandedPath="\\AD1V.AD.GETVPRO.COM\sysvol\AD.GETVPRO.COM\Policies\{BE3F8E8D-F497-4AD6-8940-C9C3A23B0C99}\Machine\microsoft\windows nt\SecEdit\GptTmpl.inf" bkp:ReEvaluateFunction="SecurityValidateSettings" bkp:Location="DomainSysvol\GPO\Machine\microsoft\windows nt\SecEdit\GptTmpl.inf"/>
        </GroupPolicyExtension>
        
        
        
        
    <GroupPolicyExtension bkp:ID="{F15C46CD-82A0-4C2D-A210-5D0D3182A418}" bkp:DescName="Unknown Extension"><FSObjectDir bkp:Path="%GPO_FSPATH%\Adm" bkp:SourceExpandedPath="\\AD1V.AD.GETVPRO.COM\sysvol\AD.GETVPRO.COM\Policies\{BE3F8E8D-F497-4AD6-8940-C9C3A23B0C99}\Adm" bkp:Location="DomainSysvol\GPO\Adm"/><FSObjectDir bkp:Path="%GPO_MACH_FSPATH%\Applications" bkp:SourceExpandedPath="\\AD1V.AD.GETVPRO.COM\sysvol\AD.GETVPRO.COM\Policies\{BE3F8E8D-F497-4AD6-8940-C9C3A23B0C99}\Machine\Applications" bkp:Location="DomainSysvol\GPO\Machine\Applications"/><FSObjectDir bkp:Path="%GPO_MACH_FSPATH%\Citrix" bkp:SourceExpandedPath="\\AD1V.AD.GETVPRO.COM\sysvol\AD.GETVPRO.COM\Policies\{BE3F8E8D-F497-4AD6-8940-C9C3A23B0C99}\Machine\Citrix" bkp:Location="DomainSysvol\GPO\Machine\Citrix"/><FSObjectDir bkp:Path="%GPO_MACH_FSPATH%\Citrix\GroupPolicy" bkp:SourceExpandedPath="\\AD1V.AD.GETVPRO.COM\sysvol\AD.GETVPRO.COM\Policies\{BE3F8E8D-F497-4AD6-8940-C9C3A23B0C99}\Machine\Citrix\GroupPolicy" bkp:Location="DomainSysvol\GPO\Machine\Citrix\GroupPolicy"/><FSObjectFile bkp:Path="%GPO_MACH_FSPATH%\Citrix\GroupPolicy\Policies.gpf" bkp:SourceExpandedPath="\\AD1V.AD.GETVPRO.COM\sysvol\AD.GETVPRO.COM\Policies\{BE3F8E8D-F497-4AD6-8940-C9C3A23B0C99}\Machine\Citrix\GroupPolicy\Policies.gpf" bkp:Location="DomainSysvol\GPO\Machine\Citrix\GroupPolicy\Policies.gpf"/><FSObjectFile bkp:Path="%GPO_MACH_FSPATH%\comment.cmtx" bkp:SourceExpandedPath="\\AD1V.AD.GETVPRO.COM\sysvol\AD.GETVPRO.COM\Policies\{BE3F8E8D-F497-4AD6-8940-C9C3A23B0C99}\Machine\comment.cmtx" bkp:Location="DomainSysvol\GPO\Machine\comment.cmtx"/><FSObjectDir bkp:Path="%GPO_MACH_FSPATH%\microsoft" bkp:SourceExpandedPath="\\AD1V.AD.GETVPRO.COM\sysvol\AD.GETVPRO.COM\Policies\{BE3F8E8D-F497-4AD6-8940-C9C3A23B0C99}\Machine\microsoft" bkp:Location="DomainSysvol\GPO\Machine\microsoft"/><FSObjectDir bkp:Path="%GPO_MACH_FSPATH%\microsoft\windows nt" bkp:SourceExpandedPath="\\AD1V.AD.GETVPRO.COM\sysvol\AD.GETVPRO.COM\Policies\{BE3F8E8D-F497-4AD6-8940-C9C3A23B0C99}\Machine\microsoft\windows nt" bkp:Location="DomainSysvol\GPO\Machine\microsoft\windows nt"/><FSObjectDir bkp:Path="%GPO_MACH_FSPATH%\microsoft\windows nt\Audit" bkp:SourceExpandedPath="\\AD1V.AD.GETVPRO.COM\sysvol\AD.GETVPRO.COM\Policies\{BE3F8E8D-F497-4AD6-8940-C9C3A23B0C99}\Machine\microsoft\windows nt\Audit" bkp:Location="DomainSysvol\GPO\Machine\microsoft\windows nt\Audit"/><FSObjectFile bkp:Path="%GPO_MACH_FSPATH%\microsoft\windows nt\Audit\audit.csv" bkp:SourceExpandedPath="\\AD1V.AD.GETVPRO.COM\sysvol\AD.GETVPRO.COM\Policies\{BE3F8E8D-F497-4AD6-8940-C9C3A23B0C99}\Machine\microsoft\windows nt\Audit\audit.csv" bkp:Location="DomainSysvol\GPO\Machine\microsoft\windows nt\Audit\audit.csv"/><FSObjectDir bkp:Path="%GPO_MACH_FSPATH%\microsoft\windows nt\SecEdit" bkp:SourceExpandedPath="\\AD1V.AD.GETVPRO.COM\sysvol\AD.GETVPRO.COM\Policies\{BE3F8E8D-F497-4AD6-8940-C9C3A23B0C99}\Machine\microsoft\windows nt\SecEdit" bkp:Location="DomainSysvol\GPO\Machine\microsoft\windows nt\SecEdit"/><FSObjectDir bkp:Path="%GPO_MACH_FSPATH%\Preferences" bkp:SourceExpandedPath="\\AD1V.AD.GETVPRO.COM\sysvol\AD.GETVPRO.COM\Policies\{BE3F8E8D-F497-4AD6-8940-C9C3A23B0C99}\Machine\Preferences" bkp:Location="DomainSysvol\GPO\Machine\Preferences"/><FSObjectDir bkp:Path="%GPO_MACH_FSPATH%\Preferences\Groups" bkp:SourceExpandedPath="\\AD1V.AD.GETVPRO.COM\sysvol\AD.GETVPRO.COM\Policies\{BE3F8E8D-F497-4AD6-8940-C9C3A23B0C99}\Machine\Preferences\Groups" bkp:Location="DomainSysvol\GPO\Machine\Preferences\Groups"/><FSObjectDir bkp:Path="%GPO_MACH_FSPATH%\Preferences\Services" bkp:SourceExpandedPath="\\AD1V.AD.GETVPRO.COM\sysvol\AD.GETVPRO.COM\Policies\{BE3F8E8D-F497-4AD6-8940-C9C3A23B0C99}\Machine\Preferences\Services" bkp:Location="DomainSysvol\GPO\Machine\Preferences\Services"/><FSObjectFile bkp:Path="%GPO_MACH_FSPATH%\Preferences\Services\Services.xml" bkp:SourceExpandedPath="\\AD1V.AD.GETVPRO.COM\sysvol\AD.GETVPRO.COM\Policies\{BE3F8E8D-F497-4AD6-8940-C9C3A23B0C99}\Machine\Preferences\Services\Services.xml" bkp:Location="DomainSysvol\GPO\Machine\Preferences\Services\Services.xml"/><FSObjectDir bkp:Path="%GPO_MACH_FSPATH%\Scripts" bkp:SourceExpandedPath="\\AD1V.AD.GETVPRO.COM\sysvol\AD.GETVPRO.COM\Policies\{BE3F8E8D-F497-4AD6-8940-C9C3A23B0C99}\Machine\Scripts" bkp:Location="DomainSysvol\GPO\Machine\Scripts"/><FSObjectDir bkp:Path="%GPO_MACH_FSPATH%\Scripts\Shutdown" bkp:SourceExpandedPath="\\AD1V.AD.GETVPRO.COM\sysvol\AD.GETVPRO.COM\Policies\{BE3F8E8D-F497-4AD6-8940-C9C3A23B0C99}\Machine\Scripts\Shutdown" bkp:Location="DomainSysvol\GPO\Machine\Scripts\Shutdown"/><FSObjectDir bkp:Path="%GPO_MACH_FSPATH%\Scripts\Startup" bkp:SourceExpandedPath="\\AD1V.AD.GETVPRO.COM\sysvol\AD.GETVPRO.COM\Policies\{BE3F8E8D-F497-4AD6-8940-C9C3A23B0C99}\Machine\Scripts\Startup" bkp:Location="DomainSysvol\GPO\Machine\Scripts\Startup"/><FSObjectDir bkp:Path="%GPO_USER_FSPATH%\Citrix" bkp:SourceExpandedPath="\\AD1V.AD.GETVPRO.COM\sysvol\AD.GETVPRO.COM\Policies\{BE3F8E8D-F497-4AD6-8940-C9C3A23B0C99}\User\Citrix" bkp:Location="DomainSysvol\GPO\User\Citrix"/><FSObjectDir bkp:Path="%GPO_USER_FSPATH%\Citrix\GroupPolicy" bkp:SourceExpandedPath="\\AD1V.AD.GETVPRO.COM\sysvol\AD.GETVPRO.COM\Policies\{BE3F8E8D-F497-4AD6-8940-C9C3A23B0C99}\User\Citrix\GroupPolicy" bkp:Location="DomainSysvol\GPO\User\Citrix\GroupPolicy"/><FSObjectFile bkp:Path="%GPO_USER_FSPATH%\Citrix\GroupPolicy\Policies.gpf" bkp:SourceExpandedPath="\\AD1V.AD.GETVPRO.COM\sysvol\AD.GETVPRO.COM\Policies\{BE3F8E8D-F497-4AD6-8940-C9C3A23B0C99}\User\Citrix\GroupPolicy\Policies.gpf" bkp:Location="DomainSysvol\GPO\User\Citrix\GroupPolicy\Policies.gpf"/><FSObjectDir bkp:Path="%GPO_USER_FSPATH%\Documents &amp; Settings" bkp:SourceExpandedPath="\\AD1V.AD.GETVPRO.COM\sysvol\AD.GETVPRO.COM\Policies\{BE3F8E8D-F497-4AD6-8940-C9C3A23B0C99}\User\Documents &amp; Settings" bkp:Location="DomainSysvol\GPO\User\Documents &amp; Settings"/><FSObjectDir bkp:Path="%GPO_USER_FSPATH%\Scripts" bkp:SourceExpandedPath="\\AD1V.AD.GETVPRO.COM\sysvol\AD.GETVPRO.COM\Policies\{BE3F8E8D-F497-4AD6-8940-C9C3A23B0C99}\User\Scripts" bkp:Location="DomainSysvol\GPO\User\Scripts"/><FSObjectDir bkp:Path="%GPO_USER_FSPATH%\Scripts\Logoff" bkp:SourceExpandedPath="\\AD1V.AD.GETVPRO.COM\sysvol\AD.GETVPRO.COM\Policies\{BE3F8E8D-F497-4AD6-8940-C9C3A23B0C99}\User\Scripts\Logoff" bkp:Location="DomainSysvol\GPO\User\Scripts\Logoff"/><FSObjectDir bkp:Path="%GPO_USER_FSPATH%\Scripts\Logon" bkp:SourceExpandedPath="\\AD1V.AD.GETVPRO.COM\sysvol\AD.GETVPRO.COM\Policies\{BE3F8E8D-F497-4AD6-8940-C9C3A23B0C99}\User\Scripts\Logon" bkp:Location="DomainSysvol\GPO\User\Scripts\Logon"/></GroupPolicyExtension></GroupPolicyObject>
</GroupPolicyBackupScheme>