<BackupInst xmlns="http://www.microsoft.com/GroupPolicy/GPOOperations/Manifest"><GPOGuid><![CDATA[{BE3F8E8D-F497-4AD6-8940-C9C3A23B0C99}]]></GPOGuid><GPODomain><![CDATA[AD.GETVPRO.COM]]></GPODomain><GPODomainGuid><![CDATA[{8adc973a-f123-4f95-b967-5f58fc9c9d1f}]]></GPODomainGuid><GPODomainController><![CDATA[AD1V.AD.GETVPRO.COM]]></GPODomainController><BackupTime><![CDATA[2022-02-17T01:25:17]]></BackupTime><ID><![CDATA[{1325A38C-246B-4F7F-990B-F27B655C4E5C}]]></ID><Comment><![CDATA[For troubleshooting and remote tool access on VDI systems]]></Comment><GPODisplayName><![CDATA[VDI-Troubleshooting]]></GPODisplayName></BackupInst>
